Computer Science, Computer Science
Programming, Computer Science
Fibonacci series, Mathematics
Visualize, Computer science
Bisection search, Dichotomy
Algorithm, Computer science
programming language, Computer science
object-oriented programming languages, Computer science
Python, Computer science
data structures, Computer science
list, Data structure
dictionary, Data structure
array, Data structure
garbage collection, Computer science
OOP, Computer science
subclass, Computer science
superclass, Computer science
inheritance, Computer science
semantics, Linguistics
MIT, University
initialization, Programming
modularity, Programming
argument, Programming
class hierarchy, Programming
prime number, Mathematics
integer, Mathematics
Fibonacci sequence, Mathematics
experiment, Science